epoch,validation_mae
1,115.005126953125
2,108.00923156738281
3,100.50688934326172
4,90.91143035888672
5,80.77288055419922
6,75.98233032226562
7,72.92314910888672
8,74.67224884033203
9,65.89762878417969
10,66.47672271728516
11,65.87468719482422
12,62.93805694580078
13,61.54151153564453
14,64.09664154052734
15,63.05445861816406
16,61.11917495727539
17,59.17662811279297
18,60.69590377807617
19,60.426509857177734
20,58.063961029052734
21,55.23173141479492
22,53.81481170654297
23,53.99067306518555
24,56.27277374267578
25,55.53768539428711
26,53.556339263916016
27,58.740264892578125
28,56.32246017456055
29,51.89650344848633
30,53.39814758300781
31,57.33173751831055
32,56.1508903503418
33,57.59610366821289
34,51.83437728881836
35,60.94255828857422
36,53.25284194946289
37,56.43561935424805
38,54.98889923095703
39,58.03236389160156
40,59.594024658203125
41,56.52766036987305
42,55.93474197387695
43,56.001197814941406
44,53.51201248168945
45,55.88722229003906
46,56.36592483520508
47,53.24559020996094
48,53.94171905517578
49,58.024044036865234
50,48.90747833251953
51,55.628543853759766
52,52.10080337524414
53,56.77256393432617
54,53.61213302612305
55,54.656341552734375
56,53.30646896362305
57,53.6889762878418
58,55.10690689086914
59,57.438926696777344
60,60.148555755615234
61,52.98995590209961
62,53.62895584106445
63,51.41006851196289
64,52.00510787963867
65,50.05722427368164
66,56.2081298828125
67,49.503135681152344
68,50.764564514160156
69,49.105567932128906
70,54.60969924926758
71,57.844482421875
72,57.53715896606445
73,53.41852569580078
74,63.473209381103516
75,55.39965057373047
76,51.430320739746094
77,51.21895217895508
78,51.65904235839844
79,51.91221237182617
80,51.526180267333984
